{"stats":{"minecraft:custom":{"minecraft:interact_with_furnace":63,"minecraft:mob_kills":50,"minecraft:interact_with_crafting_table":18,"minecraft:bell_ring":2,"minecraft:leave_game":1,"minecraft:time_since_death":51899,"minecraft:sleep_in_bed":1,"minecraft:climb_one_cm":788,"minecraft:time_since_rest":21362,"minecraft:sprint_one_cm":157711,"minecraft:damage_taken":1851,"minecraft:walk_one_cm":126003,"minecraft:damage_blocked_by_shield":1320,"minecraft:drop":16,"minecraft:damage_dealt":6379,"minecraft:talked_to_villager":1,"minecraft:swim_one_cm":33072,"minecraft:fly_one_cm":297294,"minecraft:open_chest":4,"minecraft:crouch_one_cm":5176,"minecraft:play_time":67389,"minecraft:deaths":4,"minecraft:sneak_time":2228,"minecraft:walk_under_water_one_cm":7582,"minecraft:jump":1838,"minecraft:walk_on_water_one_cm":15833,"minecraft:total_world_time":67389,"minecraft:fall_one_cm":66188},"minecraft:picked_up":{"minecraft:crafting_table":7,"minecraft:wheat":5,"minecraft:leather":7,"minecraft:potato":1,"minecraft:oak_log":83,"minecraft:gunpowder":3,"minecraft:string":3,"minecraft:dirt":16,"minecraft:cooked_mutton":2,"minecraft:bone":6,"minecraft:apple":3,"irons_spellbooks:arcane_essence":4,"minecraft:wheat_seeds":24,"minecraft:iron_ingot":1,"minecraft:beef":16,"minecraft:stone_pickaxe":1,"minecraft:egg":2,"minecraft:furnace":4,"minecraft:stick":18,"minecraft:raw_iron":37,"minecraft:torch":41,"minecraft:porkchop":10,"minecraft:white_bed":5,"minecraft:carrot":1,"minecraft:spider_eye":2,"minecraft:arrow":6,"minecraft:rotten_flesh":12,"minecraft:granite":4,"biomeswevegone:blueberries":5,"minecraft:oak_sapling":24,"minecraft:black_wool":1,"minecraft:mutton":14,"minecraft:coal":76,"minecraft:white_wool":11,"minecraft:cobblestone":72},"minecraft:mined":{"minecraft:white_bed":4,"minecraft:oak_sapling":1,"minecraft:melon_stem":1,"minecraft:crafting_table":7,"minecraft:jungle_log":1,"minecraft:tall_grass":1,"minecraft:cobblestone":2,"minecraft:furnace":4,"minecraft:iron_ore":37,"minecraft:wheat":5,"biomeswevegone:blueberry_bush":5,"minecraft:black_wool":1,"minecraft:grass":42,"minecraft:oak_log":27,"minecraft:coal_ore":64,"minecraft:vine":1,"minecraft:stone":59,"minecraft:oak_leaves":3,"minecraft:fern":2},"minecraft:killed":{"minecraft:cat":1,"minecraft:pig":6,"minecraft:spider":3,"irons_spellbooks:necromancer":1,"minecraft:creeper":4,"minecraft:skeleton":6,"minecraft:sheep":11,"minecraft:zombie":5,"minecraft:silverfish":1,"minecraft:cow":9},"minecraft:used":{"minecraft:wheat_seeds":6,"minecraft:cooked_mutton":5,"biomeswevegone:blueberries":5,"minecraft:stone_pickaxe":61,"minecraft:shield":18,"minecraft:wooden_pickaxe":15,"minecraft:iron_sword":119,"minecraft:rotten_flesh":5,"minecraft:white_wool":1,"minecraft:torch":60,"minecraft:crafting_table":6,"minecraft:carrot":1,"minecraft:white_bed":3,"minecraft:oak_log":1,"minecraft:wooden_axe":42,"minecraft:black_wool":1,"minecraft:apple":3,"minecraft:iron_axe":20,"minecraft:iron_pickaxe":97,"minecraft:iron_boots":1,"minecraft:stone_axe":2,"minecraft:cobblestone":4,"minecraft:furnace":5,"minecraft:cooked_porkchop":2,"minecraft:egg":2,"minecraft:cooked_beef":3,"minecraft:bone_meal":12},"minecraft:dropped":{"minecraft:stone_axe":1,"minecraft:wheat_seeds":7,"minecraft:rotten_flesh":3,"minecraft:cooked_mutton":1,"minecraft:oak_sapling":3,"minecraft:stone_pickaxe":2},"minecraft:killed_by":{"minecraft:skeleton":2},"minecraft:crafted":{"minecraft:cooked_beef":13,"minecraft:oak_planks":116,"minecraft:cooked_porkchop":2,"minecraft:crafting_table":2,"minecraft:wooden_pickaxe":1,"minecraft:iron_helmet":1,"minecraft:iron_sword":1,"minecraft:furnace":1,"minecraft:bone_meal":12,"minecraft:stone_axe":1,"minecraft:cooked_mutton":12,"minecraft:air":0,"minecraft:iron_boots":1,"minecraft:iron_chestplate":1,"minecraft:shield":1,"minecraft:iron_axe":1,"minecraft:stick":32,"minecraft:iron_ingot":36,"minecraft:iron_pickaxe":1,"minecraft:stone_pickaxe":1,"minecraft:wooden_axe":2,"minecraft:iron_leggings":1,"minecraft:torch":68}},"DataVersion":3465}