{"stats":{"minecraft:picked_up":{"minecraft:stick":2,"minecraft:crafting_table":2,"minecraft:potato":1,"minecraft:oak_log":24,"minecraft:spider_eye":1,"minecraft:dirt":16,"minecraft:rotten_flesh":1,"minecraft:wheat_seeds":2,"minecraft:oak_sapling":8,"minecraft:mutton":5,"minecraft:white_wool":4},"minecraft:custom":{"minecraft:time_since_rest":5500,"minecraft:sprint_one_cm":30363,"minecraft:damage_taken":850,"minecraft:walk_one_cm":13820,"minecraft:mob_kills":7,"minecraft:drop":3,"minecraft:damage_dealt":1020,"minecraft:swim_one_cm":29533,"minecraft:interact_with_crafting_table":2,"minecraft:fly_one_cm":75234,"minecraft:crouch_one_cm":2424,"minecraft:play_time":13389,"minecraft:deaths":3,"minecraft:sneak_time":1096,"minecraft:walk_under_water_one_cm":3562,"minecraft:jump":412,"minecraft:leave_game":1,"minecraft:walk_on_water_one_cm":7375,"minecraft:time_since_death":5473,"minecraft:climb_one_cm":384,"minecraft:total_world_time":13389,"minecraft:fall_one_cm":15782},"minecraft:mined":{"minecraft:crafting_table":2,"minecraft:grass":6,"minecraft:oak_log":19,"minecraft:vine":1,"minecraft:jungle_log":1,"minecraft:oak_leaves":1,"minecraft:fern":2},"minecraft:killed":{"minecraft:sheep":4,"minecraft:zombie":1,"minecraft:spider":1,"minecraft:creeper":1},"minecraft:used":{"minecraft:wooden_axe":42,"minecraft:rotten_flesh":1,"minecraft:crafting_table":2},"minecraft:dropped":{"minecraft:oak_sapling":3},"minecraft:killed_by":{"minecraft:skeleton":2},"minecraft:crafted":{"minecraft:oak_planks":52,"minecraft:crafting_table":2,"minecraft:stick":8,"minecraft:wooden_pickaxe":1,"minecraft:wooden_axe":2}},"DataVersion":3465}