{"stats":{"minecraft:picked_up":{"minecraft:stick":2,"minecraft:crafting_table":1,"minecraft:potato":1,"minecraft:oak_log":14,"minecraft:spider_eye":1,"minecraft:dirt":16,"minecraft:rotten_flesh":1,"minecraft:wheat_seeds":2,"minecraft:oak_sapling":8,"minecraft:mutton":5,"minecraft:white_wool":4},"minecraft:custom":{"minecraft:time_since_rest":1361,"minecraft:sprint_one_cm":24285,"minecraft:damage_taken":820,"minecraft:walk_one_cm":8949,"minecraft:mob_kills":7,"minecraft:drop":3,"minecraft:damage_dealt":1020,"minecraft:interact_with_crafting_table":1,"minecraft:swim_one_cm":29533,"minecraft:fly_one_cm":65873,"minecraft:crouch_one_cm":1377,"minecraft:play_time":9250,"minecraft:deaths":3,"minecraft:sneak_time":621,"minecraft:walk_under_water_one_cm":3562,"minecraft:jump":353,"minecraft:leave_game":1,"minecraft:walk_on_water_one_cm":7274,"minecraft:time_since_death":1334,"minecraft:total_world_time":9250,"minecraft:climb_one_cm":384,"minecraft:fall_one_cm":13008},"minecraft:mined":{"minecraft:crafting_table":1,"minecraft:grass":5,"minecraft:oak_log":9,"minecraft:vine":1,"minecraft:jungle_log":1,"minecraft:oak_leaves":1,"minecraft:fern":2},"minecraft:killed":{"minecraft:sheep":4,"minecraft:zombie":1,"minecraft:spider":1,"minecraft:creeper":1},"minecraft:used":{"minecraft:wooden_axe":33,"minecraft:rotten_flesh":1,"minecraft:crafting_table":1},"minecraft:dropped":{"minecraft:oak_sapling":3},"minecraft:killed_by":{"minecraft:skeleton":2},"minecraft:crafted":{"minecraft:oak_planks":12,"minecraft:crafting_table":1,"minecraft:stick":4,"minecraft:wooden_axe":1}},"DataVersion":3465}