{"stats":{"minecraft:custom":{"minecraft:interact_with_furnace":63,"minecraft:mob_kills":55,"minecraft:interact_with_crafting_table":18,"minecraft:bell_ring":2,"minecraft:leave_game":2,"minecraft:time_since_death":3386,"minecraft:sleep_in_bed":2,"minecraft:climb_one_cm":1083,"minecraft:time_since_rest":3416,"minecraft:sprint_one_cm":202099,"minecraft:damage_taken":2604,"minecraft:walk_one_cm":144116,"minecraft:damage_blocked_by_shield":1860,"minecraft:drop":27,"minecraft:damage_dealt":7280,"minecraft:damage_dealt_absorbed":40,"minecraft:talked_to_villager":1,"minecraft:swim_one_cm":33320,"minecraft:fly_one_cm":397936,"minecraft:open_chest":4,"minecraft:crouch_one_cm":5340,"minecraft:play_time":78548,"minecraft:deaths":5,"minecraft:sneak_time":2256,"minecraft:walk_under_water_one_cm":7612,"minecraft:jump":2413,"minecraft:walk_on_water_one_cm":20014,"minecraft:total_world_time":78548,"minecraft:fall_one_cm":87926},"minecraft:picked_up":{"minecraft:crafting_table":7,"minecraft:wheat":5,"minecraft:leather":7,"minecraft:potato":1,"create:raw_zinc":6,"minecraft:oak_log":83,"minecraft:gunpowder":3,"minecraft:string":3,"minecraft:dirt":17,"minecraft:iron_leggings":1,"minecraft:cooked_mutton":2,"minecraft:bone":8,"minecraft:apple":3,"irons_spellbooks:arcane_essence":4,"minecraft:wheat_seeds":24,"minecraft:iron_ingot":1,"minecraft:beef":16,"minecraft:stone_pickaxe":1,"minecraft:iron_pickaxe":1,"minecraft:egg":2,"minecraft:furnace":4,"minecraft:stick":18,"minecraft:raw_iron":37,"minecraft:torch":42,"minecraft:porkchop":10,"minecraft:white_bed":6,"minecraft:carrot":1,"minecraft:spider_eye":3,"minecraft:arrow":8,"minecraft:rotten_flesh":15,"minecraft:granite":4,"biomeswevegone:blueberries":5,"minecraft:oak_sapling":24,"minecraft:black_wool":1,"minecraft:mutton":14,"minecraft:coal":81,"minecraft:white_wool":11,"minecraft:cobblestone":82},"minecraft:mined":{"create:zinc_ore":3,"minecraft:white_bed":5,"minecraft:oak_sapling":1,"minecraft:melon_stem":1,"minecraft:crafting_table":7,"minecraft:grass_block":1,"minecraft:jungle_log":1,"minecraft:tall_grass":2,"minecraft:cobblestone":2,"minecraft:furnace":4,"minecraft:iron_ore":37,"minecraft:wheat":5,"biomeswevegone:blueberry_bush":5,"minecraft:black_wool":1,"minecraft:grass":43,"minecraft:oak_log":27,"minecraft:coal_ore":68,"minecraft:vine":1,"minecraft:stone":60,"minecraft:oak_leaves":3,"minecraft:fern":2},"minecraft:killed":{"minecraft:cat":1,"minecraft:pig":6,"minecraft:spider":4,"irons_spellbooks:necromancer":1,"minecraft:creeper":4,"minecraft:skeleton":8,"minecraft:sheep":11,"minecraft:zombie":6,"minecraft:silverfish":1,"minecraft:cow":9},"minecraft:used":{"minecraft:wheat_seeds":6,"minecraft:cooked_mutton":5,"biomeswevegone:blueberries":5,"minecraft:stone_pickaxe":61,"minecraft:shield":24,"minecraft:wooden_pickaxe":15,"minecraft:iron_sword":140,"minecraft:rotten_flesh":6,"minecraft:white_wool":1,"minecraft:torch":82,"minecraft:crafting_table":6,"minecraft:carrot":1,"minecraft:white_bed":6,"minecraft:oak_log":1,"minecraft:wooden_axe":42,"minecraft:black_wool":1,"minecraft:apple":3,"minecraft:iron_axe":20,"minecraft:iron_pickaxe":105,"minecraft:iron_boots":1,"minecraft:stone_axe":2,"minecraft:cobblestone":4,"minecraft:furnace":5,"minecraft:cooked_porkchop":2,"minecraft:egg":2,"minecraft:cooked_beef":6,"minecraft:bone_meal":12},"minecraft:dropped":{"minecraft:stone_axe":1,"minecraft:wheat_seeds":7,"minecraft:cooked_beef":3,"minecraft:rotten_flesh":3,"minecraft:cooked_mutton":1,"minecraft:oak_sapling":3,"minecraft:iron_leggings":1,"minecraft:stone_pickaxe":2,"minecraft:iron_pickaxe":1,"create:raw_zinc":6},"minecraft:killed_by":{"minecraft:skeleton":2,"minecraft:creeper":1},"minecraft:crafted":{"minecraft:cooked_beef":13,"minecraft:oak_planks":116,"minecraft:cooked_porkchop":2,"minecraft:crafting_table":2,"minecraft:wooden_pickaxe":1,"minecraft:iron_helmet":1,"minecraft:iron_sword":1,"minecraft:furnace":1,"minecraft:bone_meal":12,"minecraft:stone_axe":1,"minecraft:cooked_mutton":12,"minecraft:air":0,"minecraft:iron_boots":1,"minecraft:iron_chestplate":1,"minecraft:shield":1,"minecraft:iron_axe":1,"minecraft:stick":32,"minecraft:iron_ingot":36,"minecraft:iron_pickaxe":1,"minecraft:stone_pickaxe":1,"minecraft:wooden_axe":2,"minecraft:iron_leggings":1,"minecraft:torch":68}},"DataVersion":3465}