{"stats":{"minecraft:picked_up":{"minecraft:raw_iron":35,"minecraft:stick":4,"minecraft:crafting_table":5,"minecraft:potato":1,"minecraft:oak_log":29,"minecraft:white_bed":3,"minecraft:spider_eye":1,"minecraft:dirt":16,"minecraft:rotten_flesh":1,"minecraft:wheat_seeds":2,"minecraft:stone_pickaxe":1,"minecraft:oak_sapling":13,"minecraft:furnace":2,"minecraft:mutton":6,"minecraft:coal":55,"minecraft:white_wool":5,"minecraft:cobblestone":54,"minecraft:egg":1},"minecraft:custom":{"minecraft:time_since_rest":21925,"minecraft:interact_with_furnace":31,"minecraft:sprint_one_cm":52746,"minecraft:damage_taken":1140,"minecraft:walk_one_cm":55725,"minecraft:mob_kills":8,"minecraft:drop":6,"minecraft:damage_dealt":1100,"minecraft:swim_one_cm":31616,"minecraft:interact_with_crafting_table":15,"minecraft:fly_one_cm":121852,"minecraft:crouch_one_cm":4255,"minecraft:play_time":37389,"minecraft:deaths":4,"minecraft:sneak_time":1594,"minecraft:walk_under_water_one_cm":5356,"minecraft:jump":768,"minecraft:leave_game":1,"minecraft:walk_on_water_one_cm":10702,"minecraft:time_since_death":21899,"minecraft:climb_one_cm":788,"minecraft:total_world_time":37389,"minecraft:fall_one_cm":29418},"minecraft:mined":{"minecraft:white_bed":2,"minecraft:furnace":2,"minecraft:iron_ore":35,"minecraft:crafting_table":5,"minecraft:grass":6,"minecraft:coal_ore":43,"minecraft:oak_log":19,"minecraft:vine":1,"minecraft:jungle_log":1,"minecraft:cobblestone":2,"minecraft:stone":49,"minecraft:oak_leaves":1,"minecraft:fern":2},"minecraft:killed":{"minecraft:sheep":5,"minecraft:zombie":1,"minecraft:spider":1,"minecraft:creeper":1},"minecraft:used":{"minecraft:cooked_mutton":2,"minecraft:wooden_axe":42,"minecraft:iron_axe":3,"minecraft:stone_pickaxe":61,"minecraft:iron_pickaxe":57,"minecraft:wooden_pickaxe":15,"minecraft:iron_boots":1,"minecraft:rotten_flesh":1,"minecraft:stone_axe":2,"minecraft:cobblestone":4,"minecraft:crafting_table":5,"minecraft:furnace":2,"minecraft:white_bed":1,"minecraft:egg":1},"minecraft:dropped":{"minecraft:stone_axe":1,"minecraft:oak_sapling":3,"minecraft:stone_pickaxe":2},"minecraft:killed_by":{"minecraft:skeleton":2},"minecraft:crafted":{"minecraft:oak_planks":52,"minecraft:iron_chestplate":1,"minecraft:iron_boots":1,"minecraft:shield":1,"minecraft:iron_axe":1,"minecraft:crafting_table":2,"minecraft:iron_helmet":1,"minecraft:stick":20,"minecraft:iron_pickaxe":1,"minecraft:iron_ingot":28,"minecraft:wooden_pickaxe":1,"minecraft:stone_pickaxe":1,"minecraft:wooden_axe":2,"minecraft:iron_sword":1,"minecraft:furnace":1,"minecraft:stone_axe":1,"minecraft:cooked_mutton":4,"minecraft:air":0}},"DataVersion":3465}