{"stats":{"minecraft:custom":{"minecraft:interact_with_furnace":44,"minecraft:mob_kills":31,"minecraft:interact_with_crafting_table":18,"minecraft:leave_game":1,"minecraft:time_since_death":33899,"minecraft:sleep_in_bed":1,"minecraft:climb_one_cm":788,"minecraft:time_since_rest":3362,"minecraft:sprint_one_cm":89677,"minecraft:damage_taken":1591,"minecraft:walk_one_cm":89781,"minecraft:damage_blocked_by_shield":870,"minecraft:drop":8,"minecraft:damage_dealt":4180,"minecraft:swim_one_cm":31616,"minecraft:fly_one_cm":187216,"minecraft:crouch_one_cm":5022,"minecraft:play_time":49389,"minecraft:deaths":4,"minecraft:sneak_time":2100,"minecraft:walk_under_water_one_cm":6989,"minecraft:jump":1177,"minecraft:walk_on_water_one_cm":11161,"minecraft:total_world_time":49389,"minecraft:fall_one_cm":45420},"minecraft:picked_up":{"minecraft:crafting_table":7,"minecraft:leather":1,"minecraft:potato":1,"minecraft:oak_log":68,"minecraft:gunpowder":3,"minecraft:dirt":16,"minecraft:cooked_mutton":2,"minecraft:bone":4,"minecraft:apple":1,"irons_spellbooks:arcane_essence":4,"minecraft:wheat_seeds":2,"minecraft:beef":5,"minecraft:stone_pickaxe":1,"minecraft:egg":1,"minecraft:furnace":3,"minecraft:stick":14,"minecraft:raw_iron":37,"minecraft:torch":41,"minecraft:porkchop":1,"minecraft:white_bed":4,"minecraft:spider_eye":1,"minecraft:arrow":3,"minecraft:rotten_flesh":8,"minecraft:granite":4,"minecraft:oak_sapling":20,"minecraft:mutton":11,"minecraft:coal":76,"minecraft:white_wool":9,"minecraft:cobblestone":71},"minecraft:mined":{"minecraft:white_bed":3,"minecraft:crafting_table":7,"minecraft:jungle_log":1,"minecraft:cobblestone":2,"minecraft:furnace":3,"minecraft:iron_ore":37,"minecraft:grass":8,"minecraft:oak_log":27,"minecraft:coal_ore":64,"minecraft:vine":1,"minecraft:stone":58,"minecraft:oak_leaves":1,"minecraft:fern":2},"minecraft:killed":{"minecraft:pig":2,"minecraft:spider":2,"irons_spellbooks:necromancer":1,"minecraft:creeper":4,"minecraft:skeleton":4,"minecraft:sheep":9,"minecraft:zombie":3,"minecraft:silverfish":1,"minecraft:cow":3},"minecraft:used":{"minecraft:cooked_mutton":5,"minecraft:stone_pickaxe":61,"minecraft:shield":10,"minecraft:wooden_pickaxe":15,"minecraft:iron_sword":64,"minecraft:rotten_flesh":5,"minecraft:white_wool":1,"minecraft:torch":43,"minecraft:crafting_table":6,"minecraft:white_bed":3,"minecraft:wooden_axe":42,"minecraft:iron_axe":18,"minecraft:iron_pickaxe":90,"minecraft:iron_boots":1,"minecraft:stone_axe":2,"minecraft:cobblestone":4,"minecraft:furnace":3,"minecraft:cooked_porkchop":1,"minecraft:egg":1,"minecraft:cooked_beef":1},"minecraft:dropped":{"minecraft:stone_axe":1,"minecraft:rotten_flesh":1,"minecraft:cooked_mutton":1,"minecraft:oak_sapling":3,"minecraft:stone_pickaxe":2},"minecraft:killed_by":{"minecraft:skeleton":2},"minecraft:crafted":{"minecraft:cooked_beef":1,"minecraft:oak_planks":116,"minecraft:cooked_porkchop":1,"minecraft:crafting_table":2,"minecraft:wooden_pickaxe":1,"minecraft:iron_helmet":1,"minecraft:iron_sword":1,"minecraft:furnace":1,"minecraft:stone_axe":1,"minecraft:cooked_mutton":4,"minecraft:air":0,"minecraft:iron_boots":1,"minecraft:iron_chestplate":1,"minecraft:shield":1,"minecraft:iron_axe":1,"minecraft:stick":32,"minecraft:iron_ingot":35,"minecraft:iron_pickaxe":1,"minecraft:stone_pickaxe":1,"minecraft:wooden_axe":2,"minecraft:iron_leggings":1,"minecraft:torch":68}},"DataVersion":3465}