{"stats":{"minecraft:picked_up":{"minecraft:raw_iron":10,"minecraft:stick":2,"minecraft:crafting_table":3,"minecraft:potato":1,"minecraft:oak_log":24,"minecraft:spider_eye":1,"minecraft:dirt":16,"minecraft:rotten_flesh":1,"minecraft:wheat_seeds":2,"minecraft:stone_pickaxe":1,"minecraft:oak_sapling":8,"minecraft:mutton":5,"minecraft:coal":22,"minecraft:white_wool":4,"minecraft:cobblestone":43,"minecraft:egg":1},"minecraft:custom":{"minecraft:time_since_rest":9925,"minecraft:interact_with_furnace":5,"minecraft:sprint_one_cm":42612,"minecraft:damage_taken":1090,"minecraft:walk_one_cm":28173,"minecraft:mob_kills":7,"minecraft:drop":4,"minecraft:damage_dealt":1020,"minecraft:swim_one_cm":29533,"minecraft:interact_with_crafting_table":5,"minecraft:fly_one_cm":108357,"minecraft:crouch_one_cm":3161,"minecraft:play_time":25389,"minecraft:deaths":4,"minecraft:sneak_time":1351,"minecraft:walk_under_water_one_cm":3608,"minecraft:jump":624,"minecraft:leave_game":1,"minecraft:walk_on_water_one_cm":9885,"minecraft:time_since_death":9899,"minecraft:climb_one_cm":788,"minecraft:total_world_time":25389,"minecraft:fall_one_cm":25198},"minecraft:mined":{"minecraft:iron_ore":10,"minecraft:crafting_table":3,"minecraft:grass":6,"minecraft:coal_ore":22,"minecraft:oak_log":19,"minecraft:vine":1,"minecraft:jungle_log":1,"minecraft:stone":40,"minecraft:oak_leaves":1,"minecraft:fern":2},"minecraft:killed":{"minecraft:sheep":4,"minecraft:zombie":1,"minecraft:spider":1,"minecraft:creeper":1},"minecraft:used":{"minecraft:wooden_axe":42,"minecraft:stone_pickaxe":57,"minecraft:wooden_pickaxe":15,"minecraft:rotten_flesh":1,"minecraft:stone_axe":1,"minecraft:cobblestone":4,"minecraft:crafting_table":4,"minecraft:furnace":1,"minecraft:egg":1},"minecraft:dropped":{"minecraft:oak_sapling":3,"minecraft:stone_pickaxe":1},"minecraft:killed_by":{"minecraft:skeleton":2},"minecraft:crafted":{"minecraft:oak_planks":52,"minecraft:shield":1,"minecraft:crafting_table":2,"minecraft:stick":12,"minecraft:iron_ingot":2,"minecraft:wooden_pickaxe":1,"minecraft:stone_pickaxe":1,"minecraft:wooden_axe":2,"minecraft:furnace":1,"minecraft:stone_axe":1,"minecraft:air":0}},"DataVersion":3465}