{"stats":{"minecraft:picked_up":{"minecraft:stick":2,"minecraft:jungle_log":4,"minecraft:wheat_seeds":1,"minecraft:moss_block":3,"minecraft:dirt":14,"minecraft:cobblestone":7},"minecraft:custom":{"minecraft:time_since_rest":5390,"minecraft:play_time":5390,"minecraft:sprint_one_cm":7176,"minecraft:damage_taken":20,"minecraft:walk_one_cm":3890,"minecraft:drop":1,"minecraft:jump":119,"minecraft:time_since_death":5390,"minecraft:walk_on_water_one_cm":159,"minecraft:total_world_time":5390,"minecraft:climb_one_cm":12,"minecraft:interact_with_crafting_table":2,"minecraft:fly_one_cm":18157,"minecraft:fall_one_cm":2823},"minecraft:mined":{"minecraft:grass_block":4,"minecraft:jungle_log":4,"minecraft:dirt":10,"minecraft:tall_grass":2,"minecraft:stone":7,"minecraft:moss_block":3,"minecraft:moss_carpet":1,"minecraft:oak_leaves":5,"minecraft:fern":1},"minecraft:used":{"minecraft:moss_block":3,"minecraft:dirt":7,"minecraft:crafting_table":1,"minecraft:wooden_pickaxe":20},"minecraft:dropped":{"minecraft:wheat_seeds":1},"minecraft:crafted":{"minecraft:stone_sword":1,"minecraft:crafting_table":1,"minecraft:stone_pickaxe":1,"minecraft:stick":4,"minecraft:wooden_pickaxe":1,"minecraft:jungle_planks":16}},"DataVersion":3465}