{"stats":{"minecraft:picked_up":{"minecraft:stick":2,"minecraft:raw_iron":7,"minecraft:feather":1,"minecraft:chicken":1,"minecraft:jungle_log":4,"minecraft:leather":1,"minecraft:acacia_log":1,"minecraft:dandelion":1,"minecraft:dirt":17,"minecraft:wheat_seeds":6,"minecraft:beef":6,"minecraft:moss_block":3,"minecraft:coal":42,"minecraft:cobblestone":13},"minecraft:custom":{"minecraft:time_since_rest":7189,"minecraft:sprint_one_cm":63105,"minecraft:damage_taken":1030,"minecraft:walk_one_cm":20152,"minecraft:mob_kills":5,"minecraft:drop":5,"minecraft:damage_dealt":705,"minecraft:swim_one_cm":3370,"minecraft:interact_with_crafting_table":3,"minecraft:fly_one_cm":124727,"minecraft:open_chest":1,"minecraft:play_time":21500,"minecraft:deaths":3,"minecraft:walk_under_water_one_cm":769,"minecraft:jump":684,"minecraft:leave_game":2,"minecraft:time_since_death":7062,"minecraft:walk_on_water_one_cm":3068,"minecraft:climb_one_cm":254,"minecraft:total_world_time":21500,"minecraft:fall_one_cm":30616},"minecraft:mined":{"minecraft:iron_ore":7,"minecraft:dandelion":1,"minecraft:moss_carpet":1,"minecraft:grass":49,"minecraft:acacia_log":1,"minecraft:grass_block":6,"minecraft:coal_ore":42,"minecraft:jungle_log":4,"minecraft:dirt":11,"minecraft:tall_grass":3,"minecraft:stone":13,"minecraft:moss_block":3,"minecraft:oak_leaves":10,"minecraft:fern":4},"minecraft:killed":{"minecraft:horse":1,"minecraft:chicken":1,"minecraft:cow":3},"minecraft:used":{"minecraft:moss_block":3,"minecraft:stone_sword":14,"minecraft:bread":2,"minecraft:stone_pickaxe":55,"minecraft:wooden_pickaxe":20,"minecraft:dirt":10,"minecraft:beef":5,"minecraft:crafting_table":1,"minecraft:jungle_planks":2},"minecraft:dropped":{"minecraft:wheat_seeds":4,"minecraft:stick":1},"minecraft:killed_by":{"minecraft:skeleton":3},"minecraft:crafted":{"minecraft:crafting_table":1,"minecraft:stick":4,"minecraft:wooden_pickaxe":1,"minecraft:stone_pickaxe":1,"minecraft:stone_sword":1,"minecraft:jungle_planks":16}},"DataVersion":3465}