{"stats":{"minecraft:picked_up":{"minecraft:stick":2,"minecraft:raw_iron":7,"minecraft:feather":1,"minecraft:chicken":1,"minecraft:jungle_log":4,"minecraft:leather":1,"minecraft:dirt":14,"minecraft:wheat_seeds":1,"minecraft:beef":6,"minecraft:moss_block":3,"minecraft:coal":42,"minecraft:cobblestone":13},"minecraft:custom":{"minecraft:time_since_rest":906,"minecraft:sprint_one_cm":39925,"minecraft:damage_taken":615,"minecraft:walk_one_cm":12712,"minecraft:mob_kills":5,"minecraft:drop":2,"minecraft:damage_dealt":640,"minecraft:swim_one_cm":1643,"minecraft:interact_with_crafting_table":3,"minecraft:fly_one_cm":91565,"minecraft:play_time":14086,"minecraft:deaths":2,"minecraft:walk_under_water_one_cm":629,"minecraft:jump":509,"minecraft:leave_game":1,"minecraft:walk_on_water_one_cm":2646,"minecraft:time_since_death":794,"minecraft:climb_one_cm":145,"minecraft:total_world_time":14086,"minecraft:fall_one_cm":21599},"minecraft:mined":{"minecraft:iron_ore":7,"minecraft:moss_carpet":1,"minecraft:grass":2,"minecraft:grass_block":4,"minecraft:coal_ore":42,"minecraft:jungle_log":4,"minecraft:dirt":10,"minecraft:tall_grass":3,"minecraft:stone":13,"minecraft:moss_block":3,"minecraft:oak_leaves":9,"minecraft:fern":1},"minecraft:killed":{"minecraft:horse":1,"minecraft:chicken":1,"minecraft:cow":3},"minecraft:used":{"minecraft:moss_block":3,"minecraft:stone_sword":14,"minecraft:stone_pickaxe":55,"minecraft:wooden_pickaxe":20,"minecraft:dirt":7,"minecraft:beef":5,"minecraft:crafting_table":1,"minecraft:jungle_planks":2},"minecraft:dropped":{"minecraft:wheat_seeds":1,"minecraft:stick":1},"minecraft:killed_by":{"minecraft:skeleton":2},"minecraft:crafted":{"minecraft:crafting_table":1,"minecraft:stick":4,"minecraft:wooden_pickaxe":1,"minecraft:stone_pickaxe":1,"minecraft:stone_sword":1,"minecraft:jungle_planks":16}},"DataVersion":3465}