{"stats":{"minecraft:mined":{"minecraft:grass_block":1},"minecraft:custom":{"minecraft:jump":45,"minecraft:time_since_rest":1880,"minecraft:leave_game":1,"minecraft:sprint_one_cm":6726,"minecraft:play_time":1880,"minecraft:time_since_death":1880,"minecraft:walk_one_cm":2898,"minecraft:climb_one_cm":202,"minecraft:total_world_time":1880,"minecraft:fall_one_cm":1463,"minecraft:fly_one_cm":11665},"minecraft:picked_up":{"minecraft:dirt":1},"minecraft:used":{"minecraft:dirt":1,"minecraft:stone":3}},"DataVersion":3465}