{"stats":{"minecraft:killed":{"minecraft:sheep":2,"minecraft:donkey":1,"minecraft:chicken":1},"minecraft:mined":{"minecraft:acacia_log":5,"minecraft:grass_block":2,"minecraft:acacia_leaves":1,"minecraft:dirt":4,"minecraft:stone":15,"minecraft:crafting_table":1},"minecraft:custom":{"minecraft:time_since_rest":9285,"minecraft:crouch_one_cm":1083,"minecraft:play_time":9285,"minecraft:sprint_one_cm":8770,"minecraft:damage_taken":20,"minecraft:walk_one_cm":5742,"minecraft:sneak_time":593,"minecraft:mob_kills":4,"minecraft:jump":94,"minecraft:damage_dealt":430,"minecraft:leave_game":1,"minecraft:time_since_death":9285,"minecraft:total_world_time":9285,"minecraft:interact_with_crafting_table":4,"minecraft:fall_one_cm":3317,"minecraft:fly_one_cm":50518},"minecraft:used":{"minecraft:stone_axe":7,"minecraft:crafting_table":1,"minecraft:stone_pickaxe":12,"minecraft:wooden_pickaxe":3},"minecraft:crafted":{"minecraft:stone_sword":1,"minecraft:stone_shovel":1,"minecraft:acacia_planks":20,"minecraft:stone_axe":1,"minecraft:crafting_table":1,"minecraft:stick":12,"minecraft:stone_pickaxe":1,"minecraft:wooden_pickaxe":1},"minecraft:picked_up":{"minecraft:crafting_table":1,"minecraft:leather":2,"minecraft:acacia_log":5,"minecraft:white_wool":2,"minecraft:mutton":3,"minecraft:acacia_sapling":1,"minecraft:dirt":6,"minecraft:cobblestone":15}},"DataVersion":3465}