{"stats":{"minecraft:mined":{"minecraft:blast_furnace":1,"minecraft:grass_block":4,"minecraft:melon":25,"minecraft:sugar_cane":8,"minecraft:furnace":4,"minecraft:iron_ore":12,"minecraft:fire":3,"minecraft:brown_bed":1,"minecraft:grass":13,"minecraft:oak_log":15,"minecraft:coal_ore":32,"minecraft:vine":1,"minecraft:dirt":3,"minecraft:stone":18,"minecraft:fern":3},"minecraft:dropped":{"minecraft:wheat_seeds":4,"minecraft:stone_sword":1,"minecraft:stick":1,"irons_spellbooks:arcane_essence":3,"minecraft:stone_pickaxe":2},"minecraft:picked_up":{"minecraft:feather":12,"minecraft:chicken":17,"minecraft:leather":9,"minecraft:brown_bed":1,"minecraft:oak_log":20,"minecraft:dirt":7,"minecraft:wheat_seeds":4,"minecraft:beef":10,"minecraft:stone_pickaxe":1,"minecraft:melon_slice":101,"minecraft:sugar_cane":17,"minecraft:iron_sword":1,"minecraft:furnace":4,"minecraft:egg":9,"minecraft:stick":2,"minecraft:raw_iron":12,"minecraft:porkchop":7,"minecraft:blast_furnace":1,"minecraft:oak_sapling":2,"minecraft:mutton":4,"minecraft:coal":32,"minecraft:white_wool":3,"minecraft:cobblestone":18},"minecraft:used":{"minecraft:stone_sword":2,"minecraft:flint_and_steel":3,"minecraft:stone_pickaxe":38,"minecraft:wooden_pickaxe":3,"minecraft:iron_sword":24,"minecraft:cooked_chicken":1,"minecraft:dirt":7,"minecraft:crafting_table":2,"minecraft:chainmail_chestplate":1,"minecraft:blast_furnace":1,"minecraft:melon_slice":19,"minecraft:bread":3,"minecraft:iron_pickaxe":26,"minecraft:stone_axe":77,"minecraft:cobblestone":1,"minecraft:oak_sapling":2,"minecraft:furnace":4,"minecraft:egg":9,"minecraft:brown_bed":1},"minecraft:crafted":{"minecraft:cooked_beef":11,"minecraft:oak_planks":24,"minecraft:cooked_porkchop":13,"minecraft:crafting_table":2,"minecraft:wooden_pickaxe":1,"minecraft:cooked_chicken":17,"minecraft:bucket":1,"minecraft:stone_axe":1,"minecraft:air":0,"minecraft:flint_and_steel":1,"minecraft:iron_boots":1,"minecraft:shield":1,"minecraft:stick":8,"minecraft:iron_ingot":12,"minecraft:stone_pickaxe":1,"minecraft:iron_pickaxe":1,"minecraft:stone_sword":1},"minecraft:killed":{"minecraft:pig":4,"minecraft:horse":2,"minecraft:sheep":3,"minecraft:pillager":1,"minecraft:chicken":17,"minecraft:cow":7},"minecraft:custom":{"lootr:looted_stat":14,"minecraft:interact_with_furnace":29,"minecraft:mob_kills":34,"minecraft:interact_with_crafting_table":8,"minecraft:leave_game":1,"minecraft:time_since_death":36289,"minecraft:sleep_in_bed":1,"minecraft:climb_one_cm":2679,"minecraft:time_since_rest":2284,"minecraft:sprint_one_cm":109017,"minecraft:damage_taken":271,"minecraft:walk_one_cm":65632,"minecraft:drop":9,"minecraft:damage_dealt":2719,"minecraft:fly_one_cm":193253,"minecraft:crouch_one_cm":2613,"minecraft:play_time":36289,"minecraft:sneak_time":2011,"minecraft:walk_under_water_one_cm":582,"minecraft:jump":814,"minecraft:interact_with_blast_furnace":10,"minecraft:walk_on_water_one_cm":1667,"minecraft:total_world_time":36289,"minecraft:interact_with_smoker":3,"minecraft:fall_one_cm":29444}},"DataVersion":3465}