{"stats":{"minecraft:picked_up":{"minecraft:raw_iron":11,"minecraft:crafting_table":1,"minecraft:jungle_log":6,"minecraft:oak_log":8,"minecraft:bamboo":14,"minecraft:coal":8,"minecraft:cobblestone":10,"minecraft:egg":1},"minecraft:custom":{"minecraft:time_since_rest":6646,"minecraft:play_time":6646,"minecraft:sprint_one_cm":8847,"minecraft:walk_one_cm":13368,"minecraft:drop":1,"minecraft:jump":136,"minecraft:time_since_death":6646,"minecraft:walk_on_water_one_cm":1237,"minecraft:total_world_time":6646,"minecraft:climb_one_cm":826,"minecraft:interact_with_crafting_table":3,"minecraft:fall_one_cm":1312,"minecraft:fly_one_cm":13883},"minecraft:mined":{"minecraft:coal_ore":10,"minecraft:oak_log":8,"minecraft:vine":2,"minecraft:jungle_log":6,"minecraft:iron_ore":11,"minecraft:bamboo":1,"minecraft:stone":10,"minecraft:crafting_table":1},"minecraft:used":{"minecraft:stone_axe":9,"minecraft:crafting_table":1,"minecraft:stone_pickaxe":26,"minecraft:wooden_pickaxe":5},"minecraft:dropped":{"minecraft:wooden_pickaxe":1},"minecraft:crafted":{"minecraft:oak_planks":32,"minecraft:stone_axe":1,"minecraft:crafting_table":1,"minecraft:stick":6,"minecraft:wooden_pickaxe":1,"minecraft:stone_pickaxe":1}},"DataVersion":3465}