{"stats":{"minecraft:custom":{"minecraft:interact_with_furnace":45,"minecraft:mob_kills":40,"minecraft:interact_with_crafting_table":19,"minecraft:bell_ring":1,"minecraft:leave_game":1,"minecraft:time_since_death":893,"minecraft:sleep_in_bed":1,"minecraft:climb_one_cm":3089,"minecraft:time_since_rest":934,"minecraft:sprint_one_cm":177871,"minecraft:damage_taken":1983,"minecraft:walk_one_cm":215407,"minecraft:damage_blocked_by_shield":1605,"minecraft:drop":11,"minecraft:damage_dealt":4851,"minecraft:swim_one_cm":7372,"minecraft:talked_to_villager":6,"minecraft:fly_one_cm":200121,"minecraft:open_chest":4,"minecraft:crouch_one_cm":2985,"minecraft:play_time":60167,"minecraft:sneak_time":1233,"minecraft:deaths":3,"minecraft:walk_under_water_one_cm":5515,"minecraft:interact_with_brewingstand":1,"minecraft:jump":1525,"minecraft:walk_on_water_one_cm":15335,"minecraft:total_world_time":60167,"minecraft:fall_one_cm":34899},"minecraft:picked_up":{"minecraft:crafting_table":2,"minecraft:feather":1,"minecraft:chicken":4,"minecraft:jungle_log":6,"minecraft:brown_wool":1,"minecraft:leather":6,"minecraft:oak_log":29,"minecraft:brewing_stand":1,"minecraft:gunpowder":2,"minecraft:dirt":7,"minecraft:string":2,"create:limestone":12,"minecraft:cooked_mutton":1,"minecraft:bone":2,"minecraft:wheat_seeds":6,"minecraft:beef":10,"minecraft:calcite":1,"minecraft:bamboo":14,"minecraft:melon_slice":96,"minecraft:egg":5,"minecraft:stick":4,"minecraft:raw_iron":51,"minecraft:porkchop":6,"minecraft:diorite":1,"minecraft:white_bed":2,"minecraft:spider_eye":5,"minecraft:arrow":1,"minecraft:rotten_flesh":10,"minecraft:hay_block":9,"minecraft:gray_wool":2,"minecraft:black_wool":2,"minecraft:mutton":19,"minecraft:coal":57,"minecraft:white_wool":24,"minecraft:cobblestone":43},"minecraft:mined":{"minecraft:white_bed":2,"minecraft:brewing_stand":1,"minecraft:crafting_table":2,"minecraft:calcite":1,"minecraft:melon":18,"minecraft:jungle_log":6,"minecraft:diorite":1,"minecraft:hay_block":9,"minecraft:iron_ore":51,"minecraft:wheat":5,"minecraft:grass":3,"minecraft:oak_log":12,"minecraft:coal_ore":57,"minecraft:vine":2,"minecraft:bamboo":1,"minecraft:stone":39,"create:limestone":2},"minecraft:killed":{"minecraft:pig":2,"minecraft:witch":1,"minecraft:spider":3,"minecraft:skeleton":1,"minecraft:sheep":13,"minecraft:zombie":6,"minecraft:chicken":4,"minecraft:silverfish":2,"minecraft:cow":6},"minecraft:used":{"minecraft:cooked_mutton":10,"minecraft:stone_pickaxe":90,"minecraft:oak_planks":3,"minecraft:wooden_pickaxe":5,"minecraft:shield":17,"minecraft:iron_sword":104,"minecraft:cooked_chicken":4,"minecraft:torch":86,"minecraft:crafting_table":4,"minecraft:white_bed":3,"minecraft:bread":3,"minecraft:melon_slice":6,"minecraft:iron_pickaxe":60,"minecraft:iron_helmet":1,"minecraft:stone_axe":46,"minecraft:cobblestone":6,"minecraft:furnace":2,"minecraft:egg":4,"minecraft:cooked_beef":2},"minecraft:dropped":{"minecraft:wheat_seeds":4,"minecraft:feather":1,"minecraft:rotten_flesh":4,"minecraft:cooked_mutton":2,"minecraft:white_bed":1,"minecraft:torch":41,"minecraft:stone_pickaxe":1,"minecraft:wooden_pickaxe":1,"minecraft:egg":1},"minecraft:killed_by":{"irons_spellbooks:necromancer":1,"minecraft:skeleton":2},"minecraft:crafted":{"minecraft:cooked_beef":4,"minecraft:oak_planks":76,"minecraft:cooked_porkchop":6,"minecraft:crafting_table":2,"minecraft:iron_helmet":1,"minecraft:cooked_chicken":4,"minecraft:wooden_pickaxe":1,"minecraft:iron_sword":1,"minecraft:furnace":2,"minecraft:stone_axe":1,"minecraft:bread":27,"minecraft:cooked_mutton":12,"minecraft:air":0,"minecraft:jungle_planks":24,"minecraft:iron_boots":1,"minecraft:iron_chestplate":1,"minecraft:shield":1,"minecraft:stick":54,"minecraft:iron_ingot":51,"minecraft:iron_pickaxe":1,"minecraft:stone_pickaxe":1,"minecraft:iron_leggings":1,"minecraft:white_bed":3,"minecraft:torch":140,"minecraft:shears":1,"minecraft:wheat":81}},"DataVersion":3465}