{"stats":{"minecraft:picked_up":{"minecraft:crafting_table":1,"minecraft:stick":4,"minecraft:raw_iron":51,"minecraft:jungle_log":6,"minecraft:oak_log":29,"minecraft:bamboo":14,"minecraft:coal":48,"minecraft:cobblestone":34,"minecraft:egg":2},"minecraft:custom":{"minecraft:time_since_rest":4009,"minecraft:interact_with_furnace":11,"minecraft:sprint_one_cm":30365,"minecraft:damage_taken":285,"minecraft:walk_one_cm":43496,"minecraft:drop":3,"minecraft:damage_dealt":70,"minecraft:swim_one_cm":2776,"minecraft:interact_with_crafting_table":10,"minecraft:fly_one_cm":38486,"minecraft:crouch_one_cm":1517,"minecraft:play_time":18646,"minecraft:deaths":1,"minecraft:sneak_time":871,"minecraft:walk_under_water_one_cm":1502,"minecraft:jump":391,"minecraft:walk_on_water_one_cm":5809,"minecraft:time_since_death":3972,"minecraft:climb_one_cm":1254,"minecraft:total_world_time":18646,"minecraft:fall_one_cm":7181},"minecraft:mined":{"minecraft:iron_ore":51,"minecraft:crafting_table":1,"minecraft:oak_log":12,"minecraft:coal_ore":48,"minecraft:vine":2,"minecraft:jungle_log":6,"minecraft:bamboo":1,"minecraft:stone":37},"minecraft:used":{"minecraft:stone_pickaxe":90,"minecraft:oak_planks":2,"minecraft:iron_pickaxe":44,"minecraft:iron_helmet":1,"minecraft:wooden_pickaxe":5,"minecraft:stone_axe":16,"minecraft:torch":9,"minecraft:crafting_table":2,"minecraft:furnace":1,"minecraft:egg":1},"minecraft:dropped":{"minecraft:stone_pickaxe":1,"minecraft:wooden_pickaxe":1,"minecraft:egg":1},"minecraft:killed_by":{"minecraft:skeleton":1},"minecraft:crafted":{"minecraft:oak_planks":32,"minecraft:iron_boots":1,"minecraft:iron_chestplate":1,"minecraft:shield":1,"minecraft:crafting_table":1,"minecraft:stick":54,"minecraft:iron_helmet":1,"minecraft:iron_ingot":30,"minecraft:wooden_pickaxe":1,"minecraft:iron_pickaxe":1,"minecraft:stone_pickaxe":1,"minecraft:iron_sword":1,"minecraft:iron_leggings":1,"minecraft:furnace":1,"minecraft:torch":40,"minecraft:stone_axe":1,"minecraft:air":0,"minecraft:jungle_planks":24}},"DataVersion":3465}