{"stats":{"minecraft:custom":{"minecraft:interact_with_furnace":25,"minecraft:mob_kills":35,"minecraft:interact_with_crafting_table":15,"minecraft:time_since_death":11113,"minecraft:sleep_in_bed":1,"minecraft:climb_one_cm":2980,"minecraft:time_since_rest":3362,"minecraft:sprint_one_cm":88164,"minecraft:damage_taken":1597,"minecraft:walk_one_cm":161668,"minecraft:damage_blocked_by_shield":1515,"minecraft:drop":9,"minecraft:damage_dealt":4211,"minecraft:talked_to_villager":1,"minecraft:swim_one_cm":7372,"minecraft:fly_one_cm":109992,"minecraft:open_chest":1,"minecraft:crouch_one_cm":2310,"minecraft:play_time":42646,"minecraft:deaths":2,"minecraft:sneak_time":1060,"minecraft:walk_under_water_one_cm":5379,"minecraft:jump":1018,"minecraft:walk_on_water_one_cm":11723,"minecraft:total_world_time":42646,"minecraft:fall_one_cm":19075},"minecraft:picked_up":{"minecraft:crafting_table":2,"minecraft:feather":1,"minecraft:chicken":4,"minecraft:jungle_log":6,"minecraft:leather":1,"minecraft:brown_wool":1,"minecraft:oak_log":29,"minecraft:gunpowder":2,"minecraft:dirt":7,"minecraft:string":2,"create:limestone":12,"minecraft:cooked_mutton":1,"minecraft:bone":2,"minecraft:wheat_seeds":2,"minecraft:beef":5,"minecraft:calcite":1,"minecraft:bamboo":14,"minecraft:melon_slice":96,"minecraft:egg":4,"minecraft:raw_iron":51,"minecraft:stick":4,"minecraft:porkchop":6,"minecraft:diorite":1,"minecraft:white_bed":2,"minecraft:spider_eye":5,"minecraft:arrow":1,"minecraft:rotten_flesh":10,"minecraft:hay_block":9,"minecraft:gray_wool":2,"minecraft:black_wool":2,"minecraft:mutton":19,"minecraft:coal":57,"minecraft:white_wool":24,"minecraft:cobblestone":43},"minecraft:mined":{"minecraft:white_bed":2,"minecraft:crafting_table":2,"minecraft:calcite":1,"minecraft:melon":18,"minecraft:jungle_log":6,"minecraft:diorite":1,"minecraft:hay_block":9,"minecraft:wheat":1,"minecraft:iron_ore":51,"minecraft:grass":3,"minecraft:coal_ore":57,"minecraft:oak_log":12,"minecraft:vine":2,"minecraft:bamboo":1,"minecraft:stone":39,"create:limestone":2},"minecraft:killed":{"minecraft:pig":2,"minecraft:witch":1,"minecraft:spider":3,"minecraft:sheep":13,"minecraft:skeleton":1,"minecraft:zombie":6,"minecraft:chicken":4,"minecraft:silverfish":2,"minecraft:cow":2},"minecraft:used":{"minecraft:cooked_mutton":10,"minecraft:stone_pickaxe":90,"minecraft:oak_planks":2,"minecraft:wooden_pickaxe":5,"minecraft:shield":16,"minecraft:iron_sword":88,"minecraft:cooked_chicken":4,"minecraft:torch":52,"minecraft:crafting_table":3,"minecraft:white_bed":3,"minecraft:iron_pickaxe":59,"minecraft:iron_helmet":1,"minecraft:stone_axe":46,"minecraft:furnace":1,"minecraft:egg":3},"minecraft:dropped":{"minecraft:feather":1,"minecraft:rotten_flesh":4,"minecraft:cooked_mutton":2,"minecraft:white_bed":1,"minecraft:torch":41,"minecraft:stone_pickaxe":1,"minecraft:wooden_pickaxe":1,"minecraft:egg":1},"minecraft:killed_by":{"minecraft:skeleton":2},"minecraft:crafted":{"minecraft:oak_planks":32,"minecraft:crafting_table":2,"minecraft:wooden_pickaxe":1,"minecraft:iron_helmet":1,"minecraft:cooked_chicken":4,"minecraft:iron_sword":1,"minecraft:furnace":1,"minecraft:stone_axe":1,"minecraft:cooked_mutton":11,"minecraft:air":0,"minecraft:jungle_planks":24,"minecraft:iron_chestplate":1,"minecraft:iron_boots":1,"minecraft:shield":1,"minecraft:stick":54,"minecraft:iron_ingot":51,"minecraft:iron_pickaxe":1,"minecraft:stone_pickaxe":1,"minecraft:iron_leggings":1,"minecraft:white_bed":3,"minecraft:torch":140,"minecraft:shears":1}},"DataVersion":3465}