{"stats":{"minecraft:custom":{"minecraft:interact_with_furnace":25,"minecraft:mob_kills":21,"minecraft:interact_with_crafting_table":15,"minecraft:time_since_death":15972,"minecraft:climb_one_cm":1254,"minecraft:time_since_rest":16009,"minecraft:sprint_one_cm":50278,"minecraft:damage_taken":923,"minecraft:walk_one_cm":105578,"minecraft:damage_blocked_by_shield":240,"minecraft:drop":5,"minecraft:damage_dealt":2502,"minecraft:swim_one_cm":3075,"minecraft:fly_one_cm":58861,"minecraft:crouch_one_cm":1993,"minecraft:play_time":30646,"minecraft:deaths":1,"minecraft:sneak_time":958,"minecraft:walk_under_water_one_cm":2699,"minecraft:jump":655,"minecraft:walk_on_water_one_cm":9891,"minecraft:total_world_time":30646,"minecraft:fall_one_cm":11593},"minecraft:picked_up":{"minecraft:crafting_table":2,"minecraft:feather":1,"minecraft:chicken":4,"minecraft:jungle_log":6,"minecraft:oak_log":29,"minecraft:string":2,"minecraft:bamboo":14,"minecraft:egg":4,"minecraft:raw_iron":51,"minecraft:stick":4,"minecraft:spider_eye":5,"minecraft:rotten_flesh":4,"minecraft:gray_wool":2,"minecraft:black_wool":2,"minecraft:mutton":14,"minecraft:coal":57,"minecraft:white_wool":21,"minecraft:cobblestone":36},"minecraft:mined":{"minecraft:crafting_table":2,"minecraft:jungle_log":6,"minecraft:iron_ore":51,"minecraft:grass":2,"minecraft:coal_ore":57,"minecraft:oak_log":12,"minecraft:vine":2,"minecraft:bamboo":1,"minecraft:stone":39},"minecraft:killed":{"minecraft:witch":1,"minecraft:spider":3,"minecraft:sheep":9,"minecraft:skeleton":1,"minecraft:zombie":3,"minecraft:chicken":4},"minecraft:used":{"minecraft:cooked_mutton":3,"minecraft:stone_pickaxe":90,"minecraft:oak_planks":2,"minecraft:wooden_pickaxe":5,"minecraft:shield":6,"minecraft:iron_sword":53,"minecraft:cooked_chicken":4,"minecraft:torch":23,"minecraft:crafting_table":3,"minecraft:white_bed":2,"minecraft:iron_pickaxe":55,"minecraft:iron_helmet":1,"minecraft:stone_axe":17,"minecraft:furnace":1,"minecraft:egg":3},"minecraft:dropped":{"minecraft:feather":1,"minecraft:white_bed":1,"minecraft:stone_pickaxe":1,"minecraft:wooden_pickaxe":1,"minecraft:egg":1},"minecraft:killed_by":{"minecraft:skeleton":1},"minecraft:crafted":{"minecraft:oak_planks":32,"minecraft:crafting_table":2,"minecraft:wooden_pickaxe":1,"minecraft:iron_helmet":1,"minecraft:cooked_chicken":4,"minecraft:iron_sword":1,"minecraft:furnace":1,"minecraft:stone_axe":1,"minecraft:cooked_mutton":11,"minecraft:air":0,"minecraft:jungle_planks":24,"minecraft:iron_chestplate":1,"minecraft:iron_boots":1,"minecraft:shield":1,"minecraft:stick":54,"minecraft:iron_ingot":51,"minecraft:iron_pickaxe":1,"minecraft:stone_pickaxe":1,"minecraft:iron_leggings":1,"minecraft:white_bed":3,"minecraft:torch":40,"minecraft:shears":1}},"DataVersion":3465}