{"stats":{"minecraft:mined":{"minecraft:grass_block":1,"minecraft:oak_log":4,"minecraft:dirt":4,"minecraft:stone":7,"minecraft:oak_leaves":2},"minecraft:used":{"minecraft:crafting_table":1,"minecraft:wooden_pickaxe":11},"minecraft:crafted":{"minecraft:oak_planks":16,"minecraft:crafting_table":1,"minecraft:stick":4,"minecraft:wooden_pickaxe":1},"minecraft:picked_up":{"minecraft:oak_log":4,"minecraft:dirt":5,"minecraft:cobblestone":7},"minecraft:custom":{"minecraft:time_since_rest":3129,"minecraft:play_time":3129,"minecraft:sprint_one_cm":3315,"minecraft:damage_taken":30,"minecraft:walk_one_cm":5772,"minecraft:sneak_time":45,"minecraft:jump":34,"minecraft:time_since_death":3129,"minecraft:total_world_time":3129,"minecraft:interact_with_crafting_table":1,"minecraft:fall_one_cm":2830,"minecraft:fly_one_cm":9782}},"DataVersion":3465}