{"stats":{"minecraft:mined":{"minecraft:mud_brick_slab":1,"minecraft:oak_sapling":1,"minecraft:blast_furnace":1,"minecraft:grass_block":2,"minecraft:melon":11,"minecraft:jungle_planks":1,"minecraft:jungle_log":20,"minecraft:hay_block":2,"minecraft:tall_seagrass":2,"minecraft:packed_mud":1,"minecraft:iron_ore":1,"minecraft:fire":10,"minecraft:fletching_table":1,"minecraft:grass":5,"minecraft:oak_log":17,"minecraft:vine":5,"minecraft:gravel":11,"minecraft:dirt":6,"minecraft:stone":27,"minecraft:netherrack":2,"minecraft:oak_leaves":4},"minecraft:dropped":{"minecraft:iron_sword":1,"minecraft:stone_axe":1,"minecraft:wheat_seeds":2,"minecraft:mud_brick_slab":1,"minecraft:stick":68,"minecraft:packed_mud":1,"minecraft:melon":1,"minecraft:hay_block":2,"minecraft:oak_sapling":9,"minecraft:jungle_sapling":7,"minecraft:arrow":1,"minecraft:wooden_pickaxe":1},"minecraft:picked_up":{"minecraft:iron_chestplate":1,"minecraft:mud_brick_slab":1,"minecraft:wheat":6,"minecraft:jungle_log":52,"minecraft:golden_pickaxe":1,"minecraft:potato":12,"minecraft:filled_map":1,"minecraft:packed_mud":1,"minecraft:flint":2,"minecraft:oak_log":54,"minecraft:lily_pad":2,"minecraft:dirt":8,"biomeswevegone:flowering_tiny_lily_pads":2,"minecraft:flint_and_steel":2,"minecraft:bone":4,"minecraft:apple":5,"irons_spellbooks:arcane_essence":8,"minecraft:wheat_seeds":4,"minecraft:beef":2,"minecraft:stone_pickaxe":1,"minecraft:fletching_table":2,"minecraft:melon_slice":118,"minecraft:iron_sword":1,"minecraft:egg":5,"minecraft:stick":41,"minecraft:raw_iron":2,"minecraft:gravel":9,"minecraft:porkchop":4,"minecraft:jungle_planks":70,"minecraft:stone_sword":1,"minecraft:arrow":1,"minecraft:rotten_flesh":2,"minecraft:stone_axe":5,"minecraft:hay_block":2,"minecraft:emerald":24,"minecraft:gold_ingot":6,"minecraft:bread":30,"biomeswevegone:tiny_lily_pads":2,"minecraft:oak_sapling":15,"minecraft:obsidian":6,"minecraft:mutton":5,"minecraft:white_wool":8,"minecraft:cobblestone":27},"minecraft:used":{"minecraft:stone_pickaxe":20,"minecraft:oak_planks":6,"minecraft:wooden_pickaxe":15,"minecraft:iron_sword":6,"minecraft:fletching_table":1,"minecraft:dirt":5,"minecraft:mutton":5,"minecraft:crafting_table":3,"minecraft:jungle_planks":6,"minecraft:apple":1,"minecraft:bread":1,"minecraft:gravel":9,"minecraft:stone_axe":76,"minecraft:cobblestone":1,"minecraft:beef":1,"minecraft:cooked_porkchop":2,"minecraft:oak_sapling":6,"minecraft:porkchop":4,"minecraft:pumpkin_pie":4,"minecraft:egg":5,"minecraft:potato":4,"minecraft:golden_pickaxe":7},"minecraft:killed_by":{"minecraft:skeleton":1},"minecraft:crafted":{"minecraft:oak_planks":216,"minecraft:emerald":22,"minecraft:cooked_porkchop":2,"minecraft:crafting_table":3,"minecraft:wooden_pickaxe":1,"minecraft:fletching_table":1,"minecraft:stone_axe":7,"minecraft:air":0,"minecraft:jungle_planks":268,"minecraft:stick":703,"minecraft:stone_pickaxe":1,"minecraft:stone_sword":1},"minecraft:killed":{"minecraft:pig":2,"minecraft:skeleton":1,"minecraft:sheep":4,"minecraft:zombie":1,"minecraft:cow":1},"minecraft:custom":{"lootr:looted_stat":13,"minecraft:mob_kills":10,"minecraft:traded_with_villager":22,"minecraft:interact_with_crafting_table":4,"minecraft:leave_game":1,"minecraft:time_since_death":1616,"minecraft:sleep_in_bed":1,"minecraft:climb_one_cm":2092,"minecraft:time_since_rest":1667,"minecraft:sprint_one_cm":102902,"minecraft:damage_taken":896,"minecraft:walk_one_cm":63295,"minecraft:drop":18,"minecraft:damage_dealt":1057,"minecraft:swim_one_cm":9204,"minecraft:talked_to_villager":10,"minecraft:fly_one_cm":203203,"minecraft:crouch_one_cm":4260,"minecraft:play_time":34233,"minecraft:deaths":1,"minecraft:sneak_time":2464,"minecraft:walk_under_water_one_cm":3132,"minecraft:jump":778,"minecraft:walk_on_water_one_cm":4395,"minecraft:total_world_time":34233,"minecraft:interact_with_smoker":2,"minecraft:fall_one_cm":31245}},"DataVersion":3465}